{
  "0": {
    "nombre": "Sapito",
    "imagenFicha": "sapitoPom.png",
    "imagenSet": "sapito mazo.png",
    "stats": {
      "coste": 1,
      "tiempoReutilizacion": 1,
      "enfriamientoInicial": 1,
      "distanciaVision": 2
    },
    "habilidades": [
      {
        "nombre": "mover sapillo",
        "id": "mover_basico",
        "demoraReutilizacion": 1,
        "condiciones": [{ "tipo": "ENFRIAMIENTO_0" }],
        "efectos": [
          {
            "tipo": "AVANZAR_FICHA"
          }
        ]
      }
    ]
  },
  "1": {
    "nombre": "Sapito Amarillo",
    "imagenFicha": "sapitoPomAmarillo.png",
    "imagenSet": "SapitoAmarillo mazo.png",
    "stats": {
      "coste": 10,
      "tiempoReutilizacion": 15,
      "enfriamientoInicial": 8,
      "distanciaVision": 3
    }
  },
  "2": {
    "nombre": "Sapito Blanco",
    "imagenFicha": "sapitoPomBlanco.png",
    "imagenSet": "SapitoBlanco mazo.png",
    "stats": {
      "coste": 20,
      "tiempoReutilizacion": 20,
      "enfriamientoInicial": 10,
      "distanciaVision": 5
    }
  },
  "3": {
    "nombre": "Sapito Cafe",
    "imagenFicha": "sapitoPomCafe.png",
    "imagenSet": "SapitoCafe mazo.png",
    "stats": {
      "coste": 15,
      "tiempoReutilizacion": 12,
      "enfriamientoInicial": 6,
      "distanciaVision": 4
    }
  },
  "4": {
    "nombre": "Sapito Celeste",
    "imagenFicha": "sapitoPomCeleste.png",
    "imagenSet": "SapitoCeleste mazo.png",
    "stats": {
      "coste": 8,
      "tiempoReutilizacion": 9,
      "enfriamientoInicial": 4,
      "distanciaVision": 3
    }
  },
  "5": {
    "nombre": "Sapito Gris",
    "imagenFicha": "sapitoPomGris.png",
    "imagenSet": "SapitoGris mazo.png",
    "stats": {
      "coste": 12,
      "tiempoReutilizacion": 14,
      "enfriamientoInicial": 7,
      "distanciaVision": 4
    }
  },
  "6": {
    "nombre": "Sapito Morado",
    "imagenFicha": "sapitoPomMorado.png",
    "imagenSet": "SapitoMorado mazo.png",
    "stats": {
      "coste": 18,
      "tiempoReutilizacion": 18,
      "enfriamientoInicial": 9,
      "distanciaVision": 5
    }
  },
  "7": {
    "nombre": "Sapito Naranja",
    "imagenFicha": "sapitoPomNaranja.png",
    "imagenSet": "SapitoNaranja mazo.png",
    "stats": {
      "coste": 25,
      "tiempoReutilizacion": 22,
      "enfriamientoInicial": 11,
      "distanciaVision": 6
    }
  },
  "8": {
    "nombre": "Sapito Negro",
    "imagenFicha": "sapitoPomNegro.png",
    "imagenSet": "SapitoNegro mazo.png",
    "stats": {
      "coste": 30,
      "tiempoReutilizacion": 25,
      "enfriamientoInicial": 12,
      "distanciaVision": 6
    }
  },
  "9": {
    "nombre": "Sapito Petroleo",
    "imagenFicha": "sapitoPomPetroleo.png",
    "imagenSet": "SapitoPetroleo mazo.png",
    "stats": {
      "coste": 22,
      "tiempoReutilizacion": 16,
      "enfriamientoInicial": 8,
      "distanciaVision": 5
    }
  },
  "10": {
    "nombre": "Sapito Piel",
    "imagenFicha": "sapitoPomPiel.png",
    "imagenSet": "SapitoPiel mazo.png",
    "stats": {
      "coste": 28,
      "tiempoReutilizacion": 24,
      "enfriamientoInicial": 11,
      "distanciaVision": 6
    }
  },
  "11": {
    "nombre": "Sapito Rojo",
    "imagenFicha": "sapitoPomRojo.png",
    "imagenSet": "SapitoRojo mazo.png",
    "stats": {
      "coste": 10,
      "tiempoReutilizacion": 10,
      "enfriamientoInicial": 1,
      "distanciaVision": 3
    }
  },
  "12": {
    "nombre": "Sapito Rosado",
    "imagenFicha": "sapitoPomRosado.png",
    "imagenSet": "SapitoRosado mazo.png",
    "stats": {
      "coste": 1,
      "tiempoReutilizacion": 1,
      "enfriamientoInicial": 1,
      "distanciaVision": 1
    }
  }
}
